nazionePartenza;cittàPartenza
Afghanistan;Herat
Afghanistan;Kabul
Afghanistan;Kandahar
Afghanistan;Mazar-i-sharif
Albania;Tirana
Algeria;Adrar
Algeria;Algier
Algeria;Annaba
Algeria;Batna
Algeria;Béchar
Algeria;Bejaja
Algeria;Biskra
Algeria;"Bordj Badji Mokhtar"
Algeria;Constantine
Algeria;Djanet
Algeria;Ghardaia
Algeria;Ghriss
Algeria;Guemar
Algeria;"Hassi Messaoud"
Algeria;Illizi
Algeria;"In Salah"
Algeria;Jijel
Algeria;Laghouat
Algeria;Oran
Algeria;Ouargla
Algeria;Setif
Algeria;Tamanrasset
Algeria;Tebessa
Algeria;Tindouf
Algeria;Tlemcen
Algeria;Touggourt
Algeria;Zarzaitine
"American Samoa";"Pago Pago"
Angola;Cabinda
Angola;Catumbela
Angola;Huambo
Angola;Kuito
Angola;Luanda
Angola;Lubango
Angola;Luena
Angola;M'banza-congo
Angola;Malanje
Angola;Menongue
Angola;Ondjiva
Angola;Saurimo
Angola;Soyo
Anguilla;"The Valley"
"Antigua and Barbuda";Antigua
Argentina;"Bahia Blanca"
Argentina;"Buenos Aires"
Argentina;Catamarca
Argentina;"Comodoro Rivadavia"
Argentina;Cordoba
Argentina;Corrientes
Argentina;"El Calafate"
Argentina;Esquel
Argentina;Formosa
Argentina;"Iguazu Falls"
Argentina;Jujuy
Argentina;"La Rioja"
Argentina;"Mar Del Plata"
Argentina;Mendoza
Argentina;Neuquen
Argentina;Posadas
Argentina;"Puerto Madryn"
Argentina;Resistencia
Argentina;"Rio Gallegos"
Argentina;"Rio Grande"
Argentina;"Rio Hondo"
Argentina;Rosario
Argentina;Salta
Argentina;"San Carlos De Bariloche"
Argentina;"San Julian"
Argentina;"San Luis"
Argentina;"San Martin Des Andes"
Argentina;"San Rafael"
Argentina;"Santa Fe"
Argentina;"Santa Rosa"
Argentina;"Santiago Del Estero"
Argentina;Trelew
Argentina;Tucuman
Argentina;Ushuaia
Argentina;Viedma
Armenia;Gyumri
Armenia;Yerevan
Aruba;Oranjestad
Australia;Adelaide
Australia;Albany
Australia;Albury
Australia;"Alice Springs"
Australia;Amberley
Australia;Argyle
Australia;Armidale
Australia;Aurukun
Australia;Avalon
Australia;"Ballina Byron Bay"
Australia;Barcaldine
Australia;Bathurst
Australia;Bedourie
Australia;Birdsville
Australia;Blackall
Australia;Boulia
Australia;Brisbane
Australia;"Broken Hill"
Australia;Broome
Australia;Brusselton
Australia;Bundaberg
Australia;Burketown
Australia;Burnie
Australia;Cairns
Australia;Canberra
Australia;Ceduna
Australia;Charlieville
Australia;Cloncurry
Australia;Cobar
Australia;Coen
Australia;"Coff's Harbour"
Australia;"Coober Pedy"
Australia;Coolangatta
Australia;Cooma
Australia;Cunnamulla
Australia;Darwin
Australia;Devonport
Australia;Doomadgee
Australia;Dubbo
Australia;"Elcho Island"
Australia;Emerald
Australia;Esperance
Australia;"Flinders Island"
Australia;Geraldton
Australia;Gladstone
Australia;Gove
Australia;Grafton
Australia;Griffith
Australia;"Groote Eylandt"
Australia;Hamilton
Australia;"Hamilton Island"
Australia;"Hervey Bay"
Australia;Hobart
Australia;"Horn Island"
Australia;Hughenden
Australia;"Julia Creek"
Australia;Kalgoorlie
Australia;Karratha
Australia;"King Island"
Australia;Kingscote
Australia;Kowanyama
Australia;Kununurra
Australia;Launceston
Australia;Learmonth
Australia;Lismore
Australia;"Lockhart River"
Australia;Longreach
Australia;"Lord Howe Island"
Australia;Mackay
Australia;Maningrida
Australia;Maroochydore
Australia;"McArthur River Mine"
Australia;Melbourne
Australia;Merimbula
Australia;Mildura
Australia;Milingimbi
Australia;Moranbah
Australia;Moree
Australia;"Mornington Island"
Australia;Moruya
Australia;"Mount Gambier"
Australia;"Mount Hotham"
Australia;"Mount Isa"
Australia;Mudgee
Australia;Narrabri
Australia;Narrandera
Australia;Newcastle
Australia;Newman
Australia;Normanton
Australia;"Olympic Dam"
Australia;Orange
Australia;Paraburdoo
Australia;Parkes
Australia;Perth
Australia;Pormpuraaw
Australia;"Port Hedland"
Australia;"Port Lincoln"
Australia;"Port Macquarie"
Australia;Portland
Australia;Prosserpine
Australia;Quilpie
Australia;Ravensthorpe
Australia;Richmond
Australia;Rockhampton
Australia;Roma
Australia;"St George"
Australia;Sydney
Australia;Tamworth
Australia;Taree
Australia;Thargomindah
Australia;Toowoomba
Australia;Townsville
Australia;Uluru
Australia;"Wagga Wagga"
Australia;Weipa
Australia;Whyalla
Australia;Windorah
Australia;Winton
Austria;Graz
Austria;Innsbruck
Austria;Klagenfurt
Austria;Linz
Austria;Salzburg
Austria;Vienna
Azerbaijan;Baku
Azerbaijan;Ganja
Azerbaijan;Lankaran
Azerbaijan;Nakhchivan
Azerbaijan;Qabala
Bahamas;"Alice Town"
Bahamas;"Cockburn Town"
Bahamas;"Colonel Hill"
Bahamas;"Dead Man's Cay"
Bahamas;Freeport
Bahamas;"Governor's Harbor"
Bahamas;"Great Exuma"
Bahamas;"Marsh Harbor"
Bahamas;"Matthew Town"
Bahamas;Mayaguana
Bahamas;Nassau
Bahamas;"North Eleuthera"
Bahamas;"Rock Sound"
Bahamas;"Spring Point"
Bahamas;"Stella Maris"
Bahamas;"Treasure Cay"
Bahrain;Bahrain
Bangladesh;Chittagong
Bangladesh;"Cox's Bazar"
Bangladesh;Dhaka
Bangladesh;Jessore
Bangladesh;Rajshahi
Bangladesh;"Sylhet Osmani"
Barbados;Bridgetown
Belarus;Brest
Belarus;Gomel
Belarus;Hrodna
Belarus;"Minsk 2"
Belgium;Antwerp
Belgium;Brussels
Belgium;Charleroi
Belgium;Liege
Belize;Belize
Belize;"Belize City"
Belize;"Caye Caulker"
Belize;"Caye Chapel"
Belize;Corozal
Belize;Dangriga
Belize;"San Pedro"
Benin;Cotonou
Bermuda;Bermuda
Bhutan;Thimphu
Bolivia;Cobija
Bolivia;Cochabamba
Bolivia;Guayaramerín
Bolivia;"La Paz"
Bolivia;Potosi
Bolivia;"Puerto Suarez"
Bolivia;Rerrenabaque
Bolivia;Riberalta
Bolivia;"Santa Cruz"
Bolivia;Sucre
Bolivia;Tarija
Bolivia;Trinidad
Bolivia;Uyuni
Bolivia;Yacuiba
"Bosnia and Herzegovina";"Banja Luka"
"Bosnia and Herzegovina";Sarajevo
Botswana;Francistown
Botswana;Gaberone
Botswana;Kasane
Botswana;Maun
Brazil;"Alta Floresta"
Brazil;Altamira
Brazil;Aracaju
Brazil;Aracatuba
Brazil;Araguaina
Brazil;Araxa
Brazil;Barcelos
Brazil;Barreiras
Brazil;Bauru
Brazil;Belem
Brazil;"Belo Horizonte"
Brazil;"Boa Vista"
Brazil;Bointo
Brazil;"Bom Jesus Da Lapa"
Brazil;Borba
Brazil;Brasilia
Brazil;"Cabo Frio"
Brazil;Cacador
Brazil;"Caldas Novas"
Brazil;"Campina Grande"
Brazil;Campinas
Brazil;"Campo Grande"
Brazil;Campos
Brazil;Cascavel
Brazil;"Caxias Do Sul"
Brazil;Chapeco
Brazil;Coari
Brazil;"Conceicao Do Araguaia"
Brazil;Corumba
Brazil;Criciuma
Brazil;"Cruzeiro do Sul"
Brazil;Cuiaba
Brazil;Curitiba
Brazil;Dourados
Brazil;Eirunepe
Brazil;Erechim
Brazil;"Fernando Do Noronha"
Brazil;Florianopolis
Brazil;"Fonte Boa"
Brazil;Fortaleza
Brazil;"Foz Do Iguacu"
Brazil;"Francisco Beltrao"
Brazil;Goiania
Brazil;"Governador Valadares"
Brazil;Guanambi
Brazil;Guarapuava
Brazil;Gurupi
Brazil;Humaita
Brazil;Ilheus
Brazil;Imperatriz
Brazil;Ipatinga
Brazil;Itaituba
Brazil;Ji-Paraná
Brazil;Joacaba
Brazil;"Joao Pessoa"
Brazil;Joinville
Brazil;"Juazeiro Do Norte"
Brazil;"Juiz De Fora"
Brazil;Lençóis
Brazil;Londrina
Brazil;Macaé
Brazil;Macapa
Brazil;Maceio
Brazil;Manaus
Brazil;Manicore
Brazil;Maraba
Brazil;Marília
Brazil;Maringa
Brazil;Minacu
Brazil;"Montes Claros"
Brazil;Natal
Brazil;Navegantes
Brazil;Oriximina
Brazil;"Ourilandia do Norte"
Brazil;Palmas
Brazil;Parauapebas
Brazil;Parintins
Brazil;"Passo Fundo"
Brazil;"Patos de Minas"
Brazil;Pelotas
Brazil;Petrolina
Brazil;"Porto Alegre"
Brazil;"Porto Seguro"
Brazil;"Porto Velho"
Brazil;"President Prudente"
Brazil;Recife
Brazil;Redencao
Brazil;"Ribeirao Preto"
Brazil;"Rio Branco"
Brazil;"Rio De Janeiro"
Brazil;"Rio Grande"
Brazil;"Rio Verde"
Brazil;Rondonopolis
Brazil;Salvador
Brazil;"Santa Isabel do Rio Negro"
Brazil;"Santa Maria"
Brazil;"Santa Rosa"
Brazil;"Santa Terezinha"
Brazil;Santarem
Brazil;"Santo Angelo"
Brazil;"Sao Felix do Araguaia"
Brazil;"Sao Felix do Xingu"
Brazil;"Sao Gabriel da Cachoeira"
Brazil;"Sao Joao del Rei"
Brazil;"Sao Jose Do Rio Preto"
Brazil;"Sao Jose Dos Campos"
Brazil;"Sao Luis"
Brazil;"Sao Paulo"
Brazil;"Sao Paulo de Olivenca"
Brazil;Sinop
Brazil;Tabatinga
Brazil;Tefe
Brazil;Teresina
Brazil;Tucurui
Brazil;Uberaba
Brazil;Uberlandia
Brazil;Uruguaiana
Brazil;Varginha
Brazil;Vilhena
Brazil;Vitoria
Brazil;"Vitória Da Conquista"
"British Virgin Islands";"Spanish Town"
"British Virgin Islands";Tortola
Brunei;"Bandar Seri Begawan"
Bulgaria;Bourgas
Bulgaria;Plovdiv
Bulgaria;Sofia
Bulgaria;Varna
"Burkina Faso";Bobo-dioulasso
"Burkina Faso";Ouagadougou
Burma;Banmaw
Burma;Dawei
Burma;Heho
Burma;Kawthoung
Burma;Kengtung
Burma;Lashio
Burma;Mandalay
Burma;Myeik
Burma;Myitkyina
Burma;NAYPYITAW
Burma;"Nyuang U"
Burma;Putao
Burma;Sittwe
Burma;Tachilek
Burma;Thandwe
Burma;Yangon
Burundi;Bujumbura
Cambodia;Phnom-penh
Cambodia;Siem-reap
Cambodia;Sihanoukville
Cameroon;Douala
Cameroon;Garoua
Cameroon;Maroua
Cameroon;N'gaoundere
Cameroon;Yaounde
Canada;Abbotsford
Canada;"Anahim Lake"
Canada;"Arctic Bay"
Canada;Bagotville
Canada;"Baie Comeau"
Canada;"Baker Lake"
Canada;Bathurst
Canada;"Bella Bella"
Canada;"Bella Coola"
Canada;"Broughton Island"
Canada;Calgary
Canada;"Cambridge Bay"
Canada;"Campbell River"
Canada;"Cape Dorset"
Canada;Castlegar
Canada;Charlottetown
Canada;"Chesterfield Inlet"
Canada;Chevery
Canada;Churchill
Canada;"Clyde River"
Canada;Comox
Canada;Coppermine
Canada;"Coral Harbour"
Canada;Cranbrook
Canada;"Deer Lake"
Canada;Deline
Canada;Dryden
Canada;Edmonton
Canada;"Eskimo Point"
Canada;"Flin Flon"
Canada;"Fort Chipewyan"
Canada;"Fort Frances"
Canada;"Fort Good Hope"
Canada;"Fort Mcmurray"
Canada;"Fort Saint John"
Canada;"Fort Simpson"
Canada;"Fort Smith"
Canada;Fredericton
Canada;Gamètì
Canada;Gander
Canada;Gaspe
Canada;Gillam
Canada;"Gjoa Haven"
Canada;"Goose Bay"
Canada;"Grande Prairie"
Canada;"Grise Fiord"
Canada;Halifax
Canada;"Hall Beach"
Canada;Hamilton
Canada;Havre-Saint-Pierre
Canada;"Hay River"
Canada;"Holman Island"
Canada;Hopedale
Canada;Igloolik
Canada;"Iles De La Madeleine"
Canada;Inuvik
Canada;Iqaluit
Canada;Kamloops
Canada;Kapuskasing
Canada;Kegaska
Canada;Kelowna
Canada;Kenora
Canada;Kimmirut
Canada;Kingston
Canada;"La Tabatière"
Canada;Lethbridge
Canada;London
Canada;Lourdes-De-Blanc-Sablon
Canada;Lutselk'e
Canada;"Lynn Lake"
Canada;"Mackenzie British Columbia"
Canada;Makkovik
Canada;"Mary's Harbour"
Canada;Masset
Canada;"Medicine Hat"
Canada;Moncton
Canada;"Mont Joli"
Canada;Mont-Tremblant
Canada;Montreal
Canada;Nain
Canada;Nanaimo
Canada;Natashquan
Canada;"Norman Wells"
Canada;"North Bay"
Canada;Ottawa
Canada;Pangnirtung
Canada;Penticton
Canada;"Pond Inlet"
Canada;"Port Hardy"
Canada;"Port Hope Simpson"
Canada;"Port Menier"
Canada;Postville
Canada;"Powell River"
Canada;"Prince George"
Canada;"Prince Pupert"
Canada;Quebec
Canada;Quesnel
Canada;Quujjuaq
Canada;"Rankin Inlet"
Canada;"Red Deer Industrial"
Canada;"Red Lake"
Canada;Regina
Canada;"Repulse Bay"
Canada;Resolute
Canada;Rigolet
Canada;Rouyn
Canada;Sandspit
Canada;Sarnia
Canada;Saskatoon
Canada;"Sault Sainte Marie"
Canada;Sept-iles
Canada;"Sioux Lookout"
Canada;Smithers
Canada;"Spence Bay"
Canada;St-Augustin
Canada;"St. Anthony"
Canada;"St. John"
Canada;"St. John's"
Canada;"St. Lewis"
Canada;Sudbury
Canada;Sydney
Canada;Terrace
Canada;Tête-à-la-Baleine
Canada;"The Pas"
Canada;Thompson
Canada;"Thunder Bay"
Canada;Timmins
Canada;Toronto
Canada;Trail
Canada;Tulita
Canada;"Val D'or"
Canada;Vancouver
Canada;Victoria
Canada;Wabush
Canada;Waterloo
Canada;"Whale Cove"
Canada;Whatì
Canada;Whitehorse
Canada;"Williams Harbour"
Canada;"Williams Lake"
Canada;Windsor
Canada;Winnipeg
Canada;Yellowknife
"Cape Verde";"Amilcar Cabral"
"Cape Verde";"Boa Vista"
"Cape Verde";Maio
"Cape Verde";"Praia, Santiago Island"
"Cape Verde";"Sao Filipe, Fogo Island"
"Cape Verde";"Sao Nocolau Island"
"Cape Verde";"Sao Vicente Island"
"Cayman Islands";"Cayman Barac"
"Cayman Islands";Georgetown
"Cayman Islands";"Little Cayman"
"Central African Republic";Bangui
Chad;N'djamena
Chile;Antofagasta
Chile;Arica
Chile;Balmaceda
Chile;Calama
Chile;Concepcion
Chile;Copiapo
Chile;"Easter Island"
Chile;Iquique
Chile;"La Serena"
Chile;Osorno
Chile;"Puerto Montt"
Chile;"Punta Arenas"
Chile;Santiago
Chile;Temuco
Chile;Valdivia
China;Aksu
China;Altay
China;Anqing
China;Baise
China;Baishan
China;Bangda
China;Baoshan
China;Baotou
China;Bayannur
China;Beihai
China;Beijing
China;Bijie
China;Burqin
China;Changcha
China;Changchun
China;Changde
China;Changzhi
China;Changzhou
China;Chaoyang
China;Chengdu
China;Chifeng
China;Chongqing
China;Dali
China;Dalian
China;Dandong
China;Datong
China;Dayong
China;Dazhou
China;Dongsheng
China;Dongying
China;Dunhuang
China;Enshi
China;Foshan
China;Fuyang
China;Fuzhou
China;Ganzhou
China;Golmud
China;Guangyuan
China;Guangzhou
China;Guilin
China;Guiyang
China;Haikou
China;Hailar
China;Hami
China;Handan
China;Hangzhou
China;Harbin
China;Hefei
China;Heihe
China;Hohhot
China;Hotan
China;"Huai An"
China;Huangshan
China;Huangyan
China;"Ji An"
China;"Jiagedaqi District"
China;Jiamusi
China;Jiayuguan
China;Jinan
China;Jingdezhen
China;Jinghong
China;Jining
China;Jinzhou
China;Jiujiang
China;Jiuzhaigou
China;Jixi
China;Kangding
China;Karamay
China;Kashi
China;Korla
China;Kunming
China;Kuqa
China;Lanzhou
China;Lhasa
China;Lianyungang
China;Lijiang
China;Lincang
China;Linyi
China;Liping
China;Liuzhou
China;Longyan
China;Luoyang
China;Luxi
China;Luzhou
China;Manzhouli
China;Meixian
China;Mianyang
China;"Mohe County"
China;Mudanjiang
China;Nanchang
China;Nanchong
China;Nanjing
China;Nanning
China;Nantong
China;Nanyang
China;Ninbo
China;Nyingchi
China;Panzhihua
China;Qianjiang
China;Qingdao
China;Qingyang
China;Qinhuangdao
China;Qiqihar
China;Quanzhou
China;Quzhou
China;Sanya
China;Shanghai
China;Shangri-La
China;Shantou
China;Shenyang
China;Shenzhen
China;Shigatse
China;Shijiazhuang
China;Shiquanhe
China;Simao
China;Tacheng
China;Taiyuan
China;Tangshan
China;Tengchong
China;Tianjin
China;Tianshui
China;Tongliao
China;Tongren
China;Ulanhot
China;Urumqi
China;Wanxian
China;Weifang
China;Weihai
China;Wenshan
China;Wenzhou
China;Wuhai
China;Wuhan
China;Wuxi
China;Wuyishan
China;Wuzhou
China;Xi'an
China;Xiamen
China;Xiangfan
China;Xichang
China;Xilinhot
China;Xingyi
China;Xining
China;Xuzhou
China;Yan'an
China;Yancheng
China;Yangzhou
China;Yanji
China;Yantai
China;Yibin
China;Yichang
China;Yinchuan
China;Yining
China;Yiwu
China;Yongzhou
China;Yulin
China;Yuncheng
China;Yushu
China;Zhanjiang
China;Zhaotong
China;Zhengzhou
China;Zhijiang
China;Zhongwei
China;Zhoushan
China;Zhuhai
"Christmas Island";"Christmas Island"
"Cocos (Keeling) Islands";"Cocos Keeling Island"
Colombia;Apartadó
Colombia;Araracuara
Colombia;Arauca
Colombia;Armenia
Colombia;"Bahia Solano"
Colombia;Barrancabermeja
Colombia;Barranquilla
Colombia;Bogota
Colombia;Bucaramanga
Colombia;Buenaventura
Colombia;Cali
Colombia;Cartagena
Colombia;Corozal
Colombia;Cucuta
Colombia;Florencia
Colombia;Guapi
Colombia;Ibague
Colombia;Ipiales
Colombia;"La Chorrera"
Colombia;"La Macarena"
Colombia;"La Pedrera"
Colombia;Leticia
Colombia;Manizales
Colombia;Medellin
Colombia;Mitu
Colombia;Monteria
Colombia;Neiva
Colombia;Nuquí
Colombia;Pasto
Colombia;Pereira
Colombia;Popayan
Colombia;Providencia
Colombia;"Puerto Asis"
Colombia;"Puerto Carreno"
Colombia;"Puerto Inírida"
Colombia;"Puerto Leguízamo"
Colombia;Quibdo
Colombia;"Rio Hacha"
Colombia;"Rio Negro"
Colombia;"San Andres Island"
Colombia;"San Jose Del Guaviare"
Colombia;"San Vincente De Caguan"
Colombia;"Santa Marta"
Colombia;Saravena
Colombia;Tame
Colombia;Tarapacá
Colombia;Tumaco
Colombia;Valledupar
Colombia;"Villa Garzon"
Colombia;Villavicencio
Colombia;Yopal
Comoros;Moroni
"Congo (Brazzaville)";Brazzaville
"Congo (Brazzaville)";Pointe-noire
"Congo (Kinshasa)";Kinshasa
"Congo (Kinshasa)";Lubumashi
"Cook Islands";Aitutaki
"Cook Islands";"Atiu Island"
"Cook Islands";Avarua
"Cook Islands";"Mangaia Island"
"Cook Islands";"Mauke Island"
"Cook Islands";"Mitiaro Island"
"Costa Rica";Golfito
"Costa Rica";"La Fortuna/San Carlos"
"Costa Rica";Liberia
"Costa Rica";Nandayure
"Costa Rica";Nicoya
"Costa Rica";"Nosara Beach"
"Costa Rica";"Palmar Sur"
"Costa Rica";"Puerto Jimenez"
"Costa Rica";Puntarenas
"Costa Rica";Quepos
"Costa Rica";Roxana
"Costa Rica";"San Jose"
"Cote d'Ivoire";Abidjan
Croatia;Brac
Croatia;Dubrovnik
Croatia;Osijek
Croatia;Pula
Croatia;Rijeka
Croatia;Split
Croatia;Zadar
Croatia;Zagreb
Cuba;"Baracoa Playa"
Cuba;Bayamo
Cuba;Camaguey
Cuba;"Cayo Coco"
Cuba;"Cayo Largo del Sur"
Cuba;Guantanamo
Cuba;Havana
Cuba;Holguin
Cuba;"Las Tunas"
Cuba;Manzanillo
Cuba;Moa
Cuba;"Nueva Gerona"
Cuba;"Santa Clara"
Cuba;"Santiago De Cuba"
Cuba;Varadero
Cyprus;Larnaca
Cyprus;Nicosia
Cyprus;Paphos
"Czech Republic";Brno
"Czech Republic";"Karlovy Vary"
"Czech Republic";Ostrava
"Czech Republic";Pardubice
"Czech Republic";Prague
Denmark;Aalborg
Denmark;Aarhus
Denmark;Billund
Denmark;Copenhagen
Denmark;Esbjerg
Denmark;Karup
Denmark;Ronne
Denmark;Soenderborg
Djibouti;Djibouti
Dominica;Dominica
"Dominican Republic";"La Romana"
"Dominican Republic";"Puerto Plata"
"Dominican Republic";"Punta Cana"
"Dominican Republic";Samana
"Dominican Republic";Santiago
"Dominican Republic";"Santo Domingo"
"East Timor";Dili
Ecuador;Coca
Ecuador;Cuenca
Ecuador;Esmeraldas
Ecuador;Galapagos
Ecuador;Guayaquil
Ecuador;"La Toma (Catamayo)"
Ecuador;"Lago Agrio"
Ecuador;Latacunga
Ecuador;Macas
Ecuador;Manta
Ecuador;Quito
Ecuador;"San Cristóbal"
Ecuador;Tulcan
Egypt;"Abu Simbel"
Egypt;Alexandria
Egypt;Aswan
Egypt;Asyut
Egypt;Cairo
Egypt;Hurghada
Egypt;Luxor
Egypt;"Marsa Alam"
Egypt;Mersa-matruh
Egypt;"Sharm El Sheikh"
Egypt;Sohag
Egypt;Taba
"El Salvador";"San Salvador"
"Equatorial Guinea";Bata
"Equatorial Guinea";Malabo
Eritrea;Asmara
Eritrea;Massawa
Estonia;Kardla
Estonia;Kuressaare
Estonia;"Tallinn-ulemiste International"
Estonia;Tartu
Ethiopia;"Addis Ababa"
Ethiopia;"Arba Minch"
Ethiopia;Asosa
Ethiopia;Axum
Ethiopia;"Bahar Dar"
Ethiopia;"Dire Dawa"
Ethiopia;Gambella
Ethiopia;Gode
Ethiopia;Gondar
Ethiopia;Humera
Ethiopia;Jijiga
Ethiopia;Jimma
Ethiopia;"Kabri Dehar"
Ethiopia;Lalibella
Ethiopia;Makale
Ethiopia;"Shire Indasilase"
"Falkland Islands";"Mount Pleasant"
"Faroe Islands";Vagar
Fiji;Cicia
Fiji;"Lakeba Island"
Fiji;Lambasa
Fiji;Matei
Fiji;Nandi
Fiji;Nausori
Fiji;Rotuma
Fiji;Savusavu
Fiji;"Vanua Balavu"
Fiji;Vunisea
Finland;Helsinki
Finland;Ivalo
Finland;Joensuu
Finland;Kajaani
Finland;Kemi
Finland;Kittila
Finland;Kruunupyy
Finland;Kuopio
Finland;Kuusamo
Finland;Lappeenranta
Finland;Mariehamn
Finland;Oulu
Finland;Pori
Finland;Rovaniemi
Finland;Savonlinna
Finland;Tampere
Finland;Turku
Finland;Vaasa
France;Agen
France;Ajaccio
France;Angers/Marcé
France;Aurillac
France;Avignon
France;Bastia
France;Beauvais
France;Bergerac
France;Beziers
France;Biarritz-bayonne
France;Bordeaux
France;Brest
France;Brive
France;Caen
France;Calvi
France;Carcassonne
France;Castres
France;Chalons
France;Clermont-Ferrand
France;Deauville
France;Dijon
France;Dinard
France;Dole
France;Epinal
France;Figari
France;Gustavia
France;Hyeres
France;"La Rochelle"
France;Lannion
France;"Le Puy"
France;Lille
France;Limoges
France;Lorient
France;Lyon
France;Marseille
France;Metz
France;Montpellier
France;Mulhouse
France;Nantes
France;Nice
France;Nimes
France;Paris
France;Pau
France;Perigueux
France;Perpignan
France;Poitiers
France;Quimper
France;Rennes
France;Rodez
France;St-Etienne
France;Strasbourg
France;Tarbes
France;Toulouse
France;Tours
"French Guiana";Cayenne
"French Polynesia";Ahe
"French Polynesia";Arutua
"French Polynesia";"Bora Bora"
"French Polynesia";Fakarava
"French Polynesia";"Hao Island"
"French Polynesia";Hiva-oa
"French Polynesia";"Huahine Island"
"French Polynesia";"Kaukura Atoll"
"French Polynesia";Makemo
"French Polynesia";Manihi
"French Polynesia";Mataiva
"French Polynesia";Maupiti
"French Polynesia";Moorea
"French Polynesia";"Nuku Hiva"
"French Polynesia";Papeete
"French Polynesia";"Raiatea Island"
"French Polynesia";Raivavae
"French Polynesia";Rangiroa
"French Polynesia";Rimatara
"French Polynesia";Rurutu
"French Polynesia";Takapoto
"French Polynesia";Takaroa
"French Polynesia";Tikehau
"French Polynesia";Totegegie
"French Polynesia";Tubuai
"French Polynesia";Tureia
"French Polynesia";"Ua Huka"
"French Polynesia";"Ua Pou"
Gabon;Libreville
Gambia;Banjul
Georgia;Batumi
Georgia;Kutaisi
Georgia;Tbilisi
Germany;Berlin
Germany;Bremen
Germany;Cochstedt
Germany;Cologne
Germany;Dortmund
Germany;Dresden
Germany;Duesseldorf
Germany;Erfurt
Germany;Frankfurt
Germany;Friedrichshafen
Germany;Hahn
Germany;Hamburg
Germany;Hannover
Germany;Heringsdorf
Germany;Karlsruhe/Baden-Baden
Germany;Kassel
Germany;Laage
Germany;Leipzig
Germany;Luebeck
Germany;Marktoberdorf
Germany;Memmingen
Germany;Munich
Germany;Munster
Germany;Nuernberg
Germany;Paderborn
Germany;Saarbruecken
Germany;Stuttgart
Germany;Weeze
Germany;Westerland
Germany;Zweibruecken
Ghana;Accra
Ghana;Kumasi
Ghana;Takoradi
Ghana;Tamale
Gibraltar;Gibraltar
Greece;Alexandroupolis
Greece;Astypalaia
Greece;Athens
Greece;Chania
Greece;Chios
Greece;"Cyclades Islands"
Greece;Heraklion
Greece;Ikaria
Greece;Ioannina
Greece;Kalamata
Greece;Kalymnos
Greece;Karpathos
Greece;Kasos
Greece;Kastelorizo
Greece;Kastoria
Greece;Kavala
Greece;Keffallinia
Greece;Kerkyra/corfu
Greece;Kithira
Greece;Kos
Greece;Leros
Greece;Limnos
Greece;Milos
Greece;Mykonos
Greece;Mytilini
Greece;"Nea Anghialos"
Greece;Paros
Greece;Patras
Greece;Preveza
Greece;Rhodos
Greece;Samos
Greece;Sitia
Greece;Skiathos
Greece;Skiros
Greece;"Syros Island"
Greece;Thessaloniki
Greece;Thira
Greece;Zakynthos
Greenland;Aasiaat
Greenland;"Alluitsup Paa"
Greenland;Angmagssalik
Greenland;Godthaab
Greenland;Ilulissat
Greenland;Ittoqqortoormiit
Greenland;Kulusuk
Greenland;Maniitsoq
Greenland;Nanortalik
Greenland;Narsaq
Greenland;Narssarssuaq
Greenland;"Neerlerit Inaat"
Greenland;Paamiut
Greenland;Qaanaaq
Greenland;Qaqortoq
Greenland;Sisimiut
Greenland;Sondrestrom
Greenland;Thule
Greenland;Upernavik
Greenland;Uummannaq
Grenada;"Point Salines"
Guadeloupe;Pointe-a-pitre
Guadeloupe;"St. Martin"
Guam;Agana
Guatemala;Flores
Guatemala;"Guatemala City"
Guernsey;Alderney
Guernsey;Guernsey
Guinea;Conakry
Guinea-Bissau;Bissau
Guyana;Georgetown
Haiti;"Cap Haitien"
Haiti;Port-au-prince
Honduras;Guanaja
Honduras;"La Ceiba"
Honduras;"Puerto Lempira"
Honduras;Roatan
Honduras;"San Pedro Sula"
Honduras;Tegucigalpa
Honduras;Utila
"Hong Kong";"Hong Kong"
Hungary;Budapest
Hungary;Debrecen
Hungary;Sármellék
Iceland;Akureyri
Iceland;Egilsstadir
Iceland;Isafjordur
Iceland;Keflavik
Iceland;Reykjavik
India;Agartala
India;"Agatti Island"
India;Agra
India;Ahmedabad
India;Aizwal
India;Allahabad
India;Amritsar
India;Aurangabad
India;Baghdogra
India;Bangalore
India;Baroda
India;Belgaum
India;Bhaunagar
India;Bhopal
India;Bhubaneswar
India;Bhuj
India;Calicut
India;Chandigarh
India;Coimbatore
India;"Dehra Dun"
India;Delhi
India;Dibrugarh
India;Dimapur
India;Diu
India;Goa
India;Gorakhpur
India;Guwahati
India;Hubli
India;Hyderabad
India;Imphal
India;Indore
India;Jabalpur
India;Jaipur
India;Jammu
India;Jamnagar
India;Jodhpur
India;Jorhat
India;Kangra
India;Kanpur
India;Khajuraho
India;Kochi
India;Kolkata
India;Leh
India;Lucknow
India;Ludhiaha
India;Madras
India;Madurai
India;Mangalore
India;Mumbai
India;Mysore
India;Nagpur
India;Nanded
India;Patina
India;Pendicherry
India;Porbandar
India;"Port Blair"
India;Pune
India;Raipur
India;Rajahmundry
India;Rajkot
India;Ranchi
India;Shillong
India;Silchar
India;Srinagar
India;Surat
India;Tiruchirappalli
India;Tirupeti
India;Trivandrum
India;Udaipur
India;Varanasi
India;Vijayawada
India;Vishakhapatnam
Indonesia;Ambon
Indonesia;Babo
Indonesia;Balikpapan
Indonesia;"Banda Aceh"
Indonesia;"Bandar Lampung-Sumatra Island"
Indonesia;Bandung
Indonesia;Banjarmasin
Indonesia;Batam
Indonesia;Bengkulu
Indonesia;Biak
Indonesia;Bima
Indonesia;"Datadawai-Borneo Island"
Indonesia;Denpasar
Indonesia;Ende
Indonesia;"Fak Fak"
Indonesia;Gorontalo
Indonesia;"Gunung Sitoli"
Indonesia;Jakarta
Indonesia;Jambi
Indonesia;Jayapura
Indonesia;Kaimana
Indonesia;Kendari
Indonesia;Ketapang
Indonesia;Kupang
Indonesia;"Labuhan Bajo"
Indonesia;"Langgur-Kei Islands"
Indonesia;"Laut Island"
Indonesia;"Lhok Seumawe-Sumatra Island"
Indonesia;"Long Apung-Borneo Island"
Indonesia;Luwuk
Indonesia;Malang
Indonesia;Manado
Indonesia;Manokwari
Indonesia;Maumere
Indonesia;Medan
Indonesia;Merauke
Indonesia;Nabire
Indonesia;Naha
Indonesia;Padang
Indonesia;Palangkaraya
Indonesia;Palembang
Indonesia;Palu
Indonesia;"Pangkal Pinang"
Indonesia;"Pangkalan Bun"
Indonesia;Pekanbaru
Indonesia;Pomalaa
Indonesia;Pontianak
Indonesia;Poso
Indonesia;Praya
Indonesia;"Putussibau-Borneo Island"
Indonesia;"Ranai-Natuna Besar Island"
Indonesia;Samarinda
Indonesia;"Sampit-Borneo Island"
Indonesia;Semarang
Indonesia;"Solo City"
Indonesia;Sorong
Indonesia;Surabaya
Indonesia;"Tanjung Pandan"
Indonesia;"Tanjung Pinang"
Indonesia;"Tanjung Redep-Borneo Island"
Indonesia;Taraken
Indonesia;Ternate
Indonesia;Timika
Indonesia;Toraja
Indonesia;"Ujung Pandang"
Indonesia;"Waikabubak-Sumba Island"
Indonesia;Waingapu
Indonesia;Wamena
Indonesia;Yogyakarta
Iran;Abadan
Iran;Ahwaz
Iran;Ardabil
Iran;Bakhtaran
Iran;Bam
Iran;"Bandar Abbas"
Iran;"Bandar Lengeh"
Iran;"Bandar Mahshahr"
Iran;Birjand
Iran;Bojnourd
Iran;Bushehr
Iran;"Chah Bahar"
Iran;Dasht-e-naz
Iran;Gheshm
Iran;Gorgan
Iran;Ilam
Iran;Isfahan
Iran;Kerman
Iran;"Khalije Fars"
Iran;"Khorram Abad"
Iran;"Kish Island"
Iran;Lar
Iran;Maragheh
Iran;Mashhad
Iran;Noshahr
Iran;Parsabad
Iran;Ramsar
Iran;Rasht
Iran;Sabzevar
Iran;Sanandaj
Iran;"Shahre Kord"
Iran;Shiraz
Iran;Tabriz
Iran;Teheran
Iran;Tehran
Iran;Uromiyeh
Iran;Yasuj
Iran;Yazd
Iran;Zahedan
Iraq;Baghdad
Iraq;Basrah
Iraq;Erbil
Iraq;Najaf
Iraq;Sulaymaniyah
Ireland;Connaught
Ireland;Cork
Ireland;Dongloe
Ireland;Dublin
Ireland;Kerry
Ireland;Shannon
Ireland;Waterford
"Isle of Man";"Isle Of Man"
Israel;Elat
Israel;Tel-aviv
Italy;Alghero
Italy;Ancona
Italy;Bari
Italy;Bergamo
Italy;Bologna
Italy;Bolzano
Italy;Brindisi
Italy;Cagliari
Italy;Catania
Italy;Crotone
Italy;Cuneo
Italy;Florence
Italy;Genoa
Italy;Lamezia
Italy;Lampedusa
Italy;"Marina Di Campo"
Italy;Milan
Italy;Milano
Italy;Naples
Italy;Olbia
Italy;Palermo
Italy;Pantelleria
Italy;Parma
Italy;Perugia
Italy;Pescara
Italy;Pisa
Italy;"Reggio Calabria"
Italy;Rimini
Italy;Rome
Italy;"Ronchi De Legionari"
Italy;Torino
Italy;Trapani
Italy;Treviso
Italy;Venice
Italy;Villafranca
Jamaica;Kingston
Jamaica;"Montego Bay"
Japan;Akita
Japan;Amami
Japan;Aomori
Japan;Asahikawa
Japan;Fukue
Japan;Fukuoka
Japan;Fukushima
Japan;Hachijojima
Japan;Hakodate
Japan;Hanamaki
Japan;Hiroshima
Japan;Ibaraki
Japan;Iki
Japan;Ishigaki
Japan;Iwami
Japan;Izumo
Japan;Kagoshima
Japan;Kanazawa
Japan;Kitakyushu
Japan;Kobe
Japan;Kochi
Japan;Kumamoto
Japan;Kumejima
Japan;Kushiro
Japan;Matsumoto
Japan;Matsuyama
Japan;Memanbetsu
Japan;Miho
Japan;Misawa
Japan;Miyakejima
Japan;Miyako
Japan;Miyazaki
Japan;Monbetsu
Japan;Nagasaki
Japan;Nagoya
Japan;Nakashibetsu
Japan;Nanki-shirahama
Japan;Niigata
Japan;Obihiro
Japan;"Odate Noshiro"
Japan;Oita
Japan;Okayama
Japan;Okinawa
Japan;Osaka
Japan;Oshima
Japan;"Rishiri Island"
Japan;Saga
Japan;Sapporo
Japan;Sendai
Japan;Shizuoka
Japan;Shonai
Japan;Takamatsu
Japan;Tokushima
Japan;Tokyo
Japan;Tottori
Japan;Toyama
Japan;Tsushima
Japan;Wajima
Japan;Wakkanai
Japan;Yamagata
Japan;Yamaguchi
Jersey;Jersey
Jordan;Amman
Jordan;Aqaba
Kazakhstan;Aktau
Kazakhstan;Aktyubinsk
Kazakhstan;Alma-ata
Kazakhstan;Atyrau
Kazakhstan;Chimkent
Kazakhstan;Dzhambul
Kazakhstan;Karaganda
Kazakhstan;Kokshetau
Kazakhstan;Kostanay
Kazakhstan;Kzyl-Orda
Kazakhstan;Pavlodar
Kazakhstan;Petropavlosk
Kazakhstan;Semiplatinsk
Kazakhstan;Tselinograd
Kazakhstan;Uralsk
Kazakhstan;"Ust Kamenogorsk"
Kazakhstan;Zhezkazgan
Kenya;Eldoret
Kenya;Kisumu
Kenya;Lamu
Kenya;Lodwar
Kenya;Lokichoggio
Kenya;Malindi
Kenya;Mombasa
Kenya;Nairobi
Kiribati;Kiritimati
Kiribati;Tarawa
Korea;Pyongyang
Kuwait;Kuwait
Kyrgyzstan;Bishkek
Kyrgyzstan;Osh
Laos;"Luang Namtha"
Laos;"Luang Prabang"
Laos;"Muang Xay"
Laos;Pakse
Laos;"Phon Savan"
Laos;Savannakhet
Laos;Vientiane
Latvia;Riga
Lebanon;Beirut
Lesotho;Maseru
Liberia;Monrovia
Libya;"Al Bayda'"
Libya;Benghazi
Libya;Ghadames
Libya;Ghat
Libya;Kufra
Libya;Misratah
Libya;Sebha
Libya;Sirt
Libya;Tobruk
Libya;Tripoli
Libya;Ubari
Lithuania;Kaunas
Lithuania;Palanga
Lithuania;Vilnius
Luxembourg;Luxemburg
Macau;Macau
Macedonia;Ohrid
Macedonia;Skopje
Madagascar;Antalaha
Madagascar;Antananarivo
Madagascar;Antsiranana
Madagascar;"Belo sur Tsiribihina"
Madagascar;Mahajanga
Madagascar;Mananara
Madagascar;Maroantsetra
Madagascar;Morondava
Madagascar;Nosy-be
Madagascar;"Sainte Marie"
Madagascar;Sambava
Madagascar;Toamasina
Madagascar;Tolagnaro
Madagascar;Toliara
Malawi;Blantyre
Malawi;Lilongwe
Malaysia;"Alor Setar"
Malaysia;Bakalalan
Malaysia;Bario
Malaysia;Bintulu
Malaysia;Ipoh
Malaysia;"Johor Bahru"
Malaysia;Kerteh
Malaysia;"Kota Bahru"
Malaysia;"Kota Kinabalu"
Malaysia;"Kuala Lumpur"
Malaysia;"Kuala Terengganu"
Malaysia;Kuantan
Malaysia;Kuching
Malaysia;Kudat
Malaysia;Labuan
Malaysia;"Lahad Datu"
Malaysia;Lawas
Malaysia;Limbang
Malaysia;"Long Akah"
Malaysia;"Long Banga"
Malaysia;"Long Datih"
Malaysia;"Long Seridan"
Malaysia;Marudi
Malaysia;Miri
Malaysia;Mukah
Malaysia;Mulu
Malaysia;"Pangkor Island"
Malaysia;Penang
Malaysia;Pulau
Malaysia;Redang
Malaysia;Sandakan
Malaysia;Sibu
Malaysia;"Tanjung Manis"
Malaysia;Tawau
Malaysia;Tioman
Maldives;"Gan Island"
Maldives;Kaadedhdhoo
Maldives;Kooddoo
Maldives;"Laamu Atoll"
Maldives;Male
Mali;Bamako
Malta;Malta
"Marshall Islands";Kwajalein
"Marshall Islands";Majuro
Martinique;Fort-de-france
Mauritania;Nouadhibou
Mauritania;Nouakschott
Mauritius;Plaisance
Mauritius;"Rodriguez Island"
Mayotte;Dzaoudzi
Mexico;Acapulco
Mexico;Aguascalientes
Mexico;Campeche
Mexico;Cancun
Mexico;Chetumal
Mexico;Chihuahua
Mexico;"Ciudad Del Carmen"
Mexico;"Ciudad Juarez"
Mexico;"Ciudad Obregon"
Mexico;"Ciudad Victoria"
Mexico;Colima
Mexico;Cozumel
Mexico;Cuernavaca
Mexico;Culiacan
Mexico;"Del Bajio"
Mexico;Durango
Mexico;Guadalajara
Mexico;Hermosillo
Mexico;Huatulco
Mexico;Jalapa
Mexico;"La Paz"
Mexico;"Lazard Cardenas"
Mexico;Loreto
Mexico;"Los Mochis"
Mexico;Manzanillo
Mexico;Matamoros
Mexico;Mazatlan
Mexico;Merida
Mexico;Mexicali
Mexico;"Mexico City"
Mexico;Minatitlan
Mexico;Monterrey
Mexico;Morelia
Mexico;"Nuevo Laredo"
Mexico;Oaxaca
Mexico;"Piedras Negras"
Mexico;"Poza Rico"
Mexico;Puebla
Mexico;"Puerto Escondido"
Mexico;"Puerto Vallarta"
Mexico;"Punta Penasco"
Mexico;Queretaro
Mexico;Reynosa
Mexico;Saltillo
Mexico;"San Jose Del Cabo"
Mexico;"San Luis Potosi"
Mexico;Tampico
Mexico;Tapachula
Mexico;Tepic
Mexico;Tijuana
Mexico;Toluca
Mexico;Torreon
Mexico;"Tuxtla Gutierrez"
Mexico;Uruapan
Mexico;"Vera Cruz"
Mexico;Villahermosa
Mexico;Zacatecas
Mexico;Zihuatanejo
Micronesia;Chuuk
Micronesia;Kosrae
Micronesia;Pohnpei
Micronesia;Yap
Moldova;Chisinau
Monaco;Monaco
Mongolia;Altai
Mongolia;Bayankhongor
Mongolia;Choibalsan
Mongolia;Dalanzadgad
Mongolia;Khovd
Mongolia;Muren
Mongolia;Olgii
Mongolia;Ulaangom
Mongolia;"Ulan Bator"
Montenegro;Podgorica
Montenegro;Tivat
Montserrat;Geralds
Morocco;Agadir
Morocco;"Al Hociema"
Morocco;Casablanca
Morocco;"El Aroui"
Morocco;Essadouira
Morocco;Fes
Morocco;Marrakech
Morocco;Ouarzazate
Morocco;Oujda
Morocco;Rabat
Morocco;"Tan Tan"
Morocco;Tanger
Mozambique;Beira
Mozambique;Chimoio
Mozambique;Inhambane
Mozambique;Lichinga
Mozambique;Maputo
Mozambique;Nampula
Mozambique;Pemba
Mozambique;Quelimane
Mozambique;Tete
Mozambique;Vilankulu
Myanmar;Kalemyo
Namibia;Luderitz
Namibia;Mpacha
Namibia;Ondangwa
Namibia;Rundu
Namibia;"Walvis Bay"
Namibia;Windhoek
Nauru;Nauru
Nepal;Bhairawa
Nepal;Bharatpur
Nepal;Biratnagar
Nepal;Chandragarhi
Nepal;Dhangarhi
Nepal;Kathmandu
Nepal;Nepalgunj
Nepal;Pokhara
Nepal;Simara
Nepal;Surkhet
Nepal;"Tumling Tar"
Netherlands;Amsterdam
Netherlands;Eindhoven
Netherlands;Groningen
Netherlands;Maastricht
Netherlands;Rotterdam
"Netherlands Antilles";Kralendijk
"Netherlands Antilles";Oranjestad
"Netherlands Antilles";Philipsburg
"Netherlands Antilles";Saba
"Netherlands Antilles";Willemstad
"New Caledonia";"Île des Pins"
"New Caledonia";Kone
"New Caledonia";Koumac
"New Caledonia";Lifou
"New Caledonia";Mare
"New Caledonia";Noumea
"New Caledonia";Ouvea
"New Caledonia";Tiga
"New Caledonia";Touho
"New Caledonia";Waala
"New Zealand";Auckland
"New Zealand";Christchurch
"New Zealand";Dunedin
"New Zealand";Gisborne
"New Zealand";Hamilton
"New Zealand";Hokitika
"New Zealand";Invercargill
"New Zealand";Kaitaia
"New Zealand";Kerikeri
"New Zealand";Masterton
"New Zealand";NAPIER
"New Zealand";Nelson
"New Zealand";"New Plymouth"
"New Zealand";"Palmerston North"
"New Zealand";Paraparaumu
"New Zealand";"Queenstown International"
"New Zealand";Rotorua
"New Zealand";Taupo
"New Zealand";Tauranga
"New Zealand";Timaru
"New Zealand";Wanganui
"New Zealand";Wellington
"New Zealand";Westport
"New Zealand";Whakatane
"New Zealand";Whangarei
"New Zealand";Woodbourne
Nicaragua;Managua
Niger;Niamey
Nigeria;Abuja
Nigeria;Benin
Nigeria;Calabar
Nigeria;Enugu
Nigeria;Ibadan
Nigeria;Ilorin
Nigeria;Imo
Nigeria;Jos
Nigeria;Kaduna
Nigeria;Kano
Nigeria;Lagos
Nigeria;Maiduguri
Nigeria;Osubi
Nigeria;"Port Hartcourt"
Nigeria;Sokoto
Nigeria;Yola
Niue;Alofi
"Norfolk Island";"Norfolk Island"
"Northern Mariana Islands";Rota
"Northern Mariana Islands";Saipan
Norway;Alesund
Norway;Alta
Norway;Andoya
Norway;Bardufoss
Norway;Batsfjord
Norway;Bergen
Norway;Berlevag
Norway;Bodo
Norway;Bronnoysund
Norway;Fagernes
Norway;Floro
Norway;Forde
Norway;Hammerfest
Norway;Harstad/Narvik
Norway;Hasvik
Norway;Haugesund
Norway;Honningsvag
Norway;Kirkenes
Norway;Kristiansand
Norway;Kristiansund
Norway;Lakselv
Norway;Leknes
Norway;Mehamn
Norway;"Mo i Rana"
Norway;Molde
Norway;Mosjoen
Norway;Namsos
Norway;Narvik
Norway;Orsta-Volda
Norway;Oslo
Norway;Roros
Norway;Rygge
Norway;Rørvik
Norway;Røst
Norway;Sandane
Norway;Sandefjord
Norway;Sandnessjoen
Norway;Skien
Norway;Sogndal
Norway;Sorkjosen
Norway;Stavanger
Norway;Stokmarknes
Norway;Stord
Norway;Svalbard
Norway;Svolvær
Norway;Tromso
Norway;Trondheim
Norway;Vadso
Norway;Vardø
Oman;Khasab
Oman;Muscat
Oman;Salalah
Pakistan;Bahawalpur
Pakistan;Chitral
Pakistan;Dalbandin
Pakistan;"Dera Ghazi Khan"
Pakistan;"Dera Ismael Khan"
Pakistan;Faisalabad
Pakistan;Gilgit
Pakistan;Gwadar
Pakistan;Islamabad
Pakistan;Karachi
Pakistan;Lahore
Pakistan;Moenjodaro
Pakistan;Multan
Pakistan;Panjgur
Pakistan;Peshawar
Pakistan;Quetta
Pakistan;"Rahim Yar Khan"
Pakistan;Sialkot
Pakistan;Skardu
Pakistan;Sukkur
Pakistan;Turbat
Pakistan;Zhob
Palau;Babelthuap
Panama;Achutupo
Panama;"Bahia Piña"
Panama;"Boca de Sábalo"
Panama;"Bocas Del Toro"
Panama;Changuinola
Panama;"Contadora Island"
Panama;David
Panama;Garachine
Panama;Jaqué
Panama;Mulatupo
Panama;Panama
Panama;"Panama City"
Panama;"Playon Chico"
Panama;"Puerto Obaldia"
"Papua New Guinea";Balimo
"Papua New Guinea";"Buka Island"
"Papua New Guinea";Daru
"Papua New Guinea";Girua
"Papua New Guinea";Goroka
"Papua New Guinea";Gurney
"Papua New Guinea";Hoskins
"Papua New Guinea";Kavieng
"Papua New Guinea";Kiunga
"Papua New Guinea";Londolovit
"Papua New Guinea";Losuia
"Papua New Guinea";Madang
"Papua New Guinea";Mendi
"Papua New Guinea";"Misima Island"
"Papua New Guinea";Momote
"Papua New Guinea";Moro
"Papua New Guinea";"Mount Hagen"
"Papua New Guinea";Nadzab
"Papua New Guinea";"Port Moresby"
"Papua New Guinea";Tabubil
"Papua New Guinea";Tari
"Papua New Guinea";Tokua
"Papua New Guinea";Tufi
"Papua New Guinea";Vanimo
"Papua New Guinea";Wapenamanda
"Papua New Guinea";Wewak
Paraguay;Asuncion
Paraguay;"Ciudad del Este"
Peru;Andahuaylas
Peru;Anta
Peru;Arequipa
Peru;Ayacucho
Peru;Cajamarca
Peru;Chiclayo
Peru;Cuzco
Peru;Huánuco
Peru;Iquitos
Peru;Juliaca
Peru;Lima
Peru;Piura
Peru;Pucallpa
Peru;"Puerto Maldonado"
Peru;Tacna
Peru;Tarapoto
Peru;Trujillo
Peru;Tumbes
Philippines;"Angeles City"
Philippines;Bacolod
Philippines;Basco
Philippines;Busuanga
Philippines;Butuan
Philippines;"Calbayog City"
Philippines;Camiguin
Philippines;Catarman
Philippines;Caticlan
Philippines;Cauayan
Philippines;Cebu
Philippines;Cotabato
Philippines;Davao
Philippines;Dipolog
Philippines;Dumaguete
Philippines;"General Santos City"
Philippines;Iloilo
Philippines;Jolo
Philippines;Kalibo
Philippines;Ladag
Philippines;Laoag
Philippines;Legazpi
Philippines;Manila
Philippines;Masbate
Philippines;Naga
Philippines;Ozamis
Philippines;Pagadian
Philippines;"Puerto Princesa"
Philippines;"Roxas City"
Philippines;"San Jose"
Philippines;"Sanga Sanga"
Philippines;"Sangley Point"
Philippines;Tacloban
Philippines;Tagbilaran
Philippines;Tuguegarao
Philippines;Virac
Philippines;Zamboanga
Poland;Bydgoszcz
Poland;Gdansk
Poland;Katowice
Poland;Krakow
Poland;Lodz
Poland;Lublin
Poland;Poznan
Poland;Rzeszow
Poland;Szczecin
Poland;Warsaw
Poland;Wroclaw
Portugal;Corvo
Portugal;Faro
Portugal;Flores
Portugal;Funchal
Portugal;"Graciosa Island"
Portugal;Horta
Portugal;"Lajes (terceira Island)"
Portugal;Lisbon
Portugal;Pico
Portugal;"Ponta Delgada"
Portugal;Porto
Portugal;"Porto Santo"
Portugal;"Santa Maria (island)"
Portugal;"Sao Jorge Island"
"Puerto Rico";Aguadilla
"Puerto Rico";Mayaguez
"Puerto Rico";Ponce
"Puerto Rico";"San Juan"
"Puerto Rico";"Vieques Island"
Qatar;Doha
Reunion;St.-denis
Reunion;St.-pierre
Romania;Arad
Romania;Bacau
Romania;"Baia Mare"
Romania;Bucharest
Romania;Cluj-napoca
Romania;Constanta
Romania;Craiova
Romania;Iasi
Romania;Oradea
Romania;"Satu Mare"
Romania;Sibiu
Romania;Suceava
Romania;Timisoara
Romania;"Tirgu Mures"
Russia;Abakan
Russia;Anadyr
Russia;Anapa
Russia;Apatity
Russia;Arkhangelsk
Russia;Astrakhan
Russia;Barnaul
Russia;Belgorod
Russia;Beloyarsky
Russia;Beslan
Russia;Blagoveschensk
Russia;Bodaibo
Russia;Bratsk
Russia;Bugulma
Russia;Cheboksary
Russia;Chelyabinsk
Russia;Cherskiy
Russia;Chita
Russia;Chokurdah
Russia;Elista
Russia;Gelendzik
Russia;Gorno-Altaysk
Russia;Grozny
Russia;Igarka
Russia;Irkutsk
Russia;"Iturup Island"
Russia;Izhevsk
Russia;Kaliningrad
Russia;Kazan
Russia;Kemorovo
Russia;Khabarovsk
Russia;Khanty-Mansiysk
Russia;Kirov
Russia;Kotlas
Russia;Krasnodar
Russia;Krasnoyarsk
Russia;Lensk
Russia;Magadan
Russia;Magnetiogorsk
Russia;Makhachkala
Russia;"Mineralnye Vody"
Russia;Mirnyj
Russia;Moscow
Russia;Murmansk
Russia;Nadym
Russia;Naryan-Mar
Russia;Nizhnekamsk
Russia;Nizhnevartovsk
Russia;"Nizhniy Novgorod"
Russia;Norilsk
Russia;Novokuznetsk
Russia;Novosibirsk
Russia;"Novy Urengoy"
Russia;Noyabrsk
Russia;Okha
Russia;Omsk
Russia;Orenburg
Russia;Orsk
Russia;Pechora
Russia;Penza
Russia;Perm
Russia;Petropavlovsk
Russia;Petrozavodsk
Russia;Pevek
Russia;Rostov
Russia;Salekhard
Russia;Samara
Russia;Saransk
Russia;Saratov
Russia;Sochi
Russia;"Solovetsky Islands"
Russia;Sovetskiy
Russia;"St. Petersburg"
Russia;Stavropol
Russia;Surgut
Russia;Syktyvkar
Russia;Tiksi
Russia;Tomsk
Russia;Tyumen
Russia;Ufa
Russia;Ukhta
Russia;Ulan-ude
Russia;Ulyanovsk
Russia;Uraj
Russia;Usinsk
Russia;Ust-Kut
Russia;Vladivostok
Russia;Volgograd
Russia;Vorkuta
Russia;Voronezh
Russia;Yakutia
Russia;Yakutsk
Russia;Yaroslavl
Russia;Yekaterinburg
Russia;Yuzhno-Kurilsk
Russia;Yuzhno-sakhalinsk
Rwanda;Kamembe
Rwanda;Kigali
"Saint Kitts and Nevis";"Basse Terre"
"Saint Kitts and Nevis";Charlestown
"Saint Lucia";Castries
"Saint Lucia";Hewandorra
"Saint Pierre and Miquelon";St.-pierre
"Saint Vincent and the Grenadines";"Canouan Island"
"Saint Vincent and the Grenadines";Kingstown
Samoa;Faleolo
"Sao Tome and Principe";"Sao Tome"
"Saudi Arabia";Abha
"Saudi Arabia";Al-ahsa
"Saudi Arabia";Al-Jawf
"Saudi Arabia";Al-Ula
"Saudi Arabia";Arar
"Saudi Arabia";Bisha
"Saudi Arabia";Dammam
"Saudi Arabia";Dawadmi
"Saudi Arabia";El-baha
"Saudi Arabia";Gassim
"Saudi Arabia";Gizan
"Saudi Arabia";Guriat
"Saudi Arabia";"Hafr Al-batin"
"Saudi Arabia";Hail
"Saudi Arabia";Jeddah
"Saudi Arabia";Madinah
"Saudi Arabia";Nejran
"Saudi Arabia";Rafha
"Saudi Arabia";Riyadh
"Saudi Arabia";Sharurah
"Saudi Arabia";Tabuk
"Saudi Arabia";Taif
"Saudi Arabia";Turaif
"Saudi Arabia";Wejh
"Saudi Arabia";Yenbo
Senegal;Dakar
Senegal;Ziguinchor
Serbia;Belgrade
Serbia;Nis
Serbia;Pristina
Seychelles;Mahe
Seychelles;Praslin
"Sierra Leone";Freetown
Singapore;Singapore
Slovakia;Bratislava
Slovakia;Kosice
Slovenia;Ljubljana
"Solomon Islands";Afutara
"Solomon Islands";Atoifi
"Solomon Islands";Auki
"Solomon Islands";Ballalae
"Solomon Islands";Bellona
"Solomon Islands";"Choiseul Bay"
"Solomon Islands";"Fera Island"
"Solomon Islands";Gatokae
"Solomon Islands";Honiara
"Solomon Islands";"Kagau Island"
"Solomon Islands";Kirakira
"Solomon Islands";Marau
"Solomon Islands";Munda
"Solomon Islands";Ramata
"Solomon Islands";"Rennell Island"
"Solomon Islands";"Santa Ana"
"Solomon Islands";"Santa Cruz/Graciosa Bay/Luova"
"Solomon Islands";Sege
"Solomon Islands";Suavanao
"Solomon Islands";Ulawa
Somalia;Berbera
Somalia;Bosaso
Somalia;Galcaio
Somalia;Hargeisa
Somalia;Mogadishu
"South Africa";Bloemfontein
"South Africa";"Cape Town"
"South Africa";Durban
"South Africa";"East London"
"South Africa";George
"South Africa";Hoedspruit
"South Africa";Johannesburg
"South Africa";Kimberley
"South Africa";Mpumalanga
"South Africa";Phalaborwa
"South Africa";Pietermaritzburg
"South Africa";Polokwane
"South Africa";"Port Elizabeth"
"South Africa";"Richard's Bay"
"South Africa";Umtata
"South Africa";Upington
"South Korea";Busan
"South Korea";Cheju
"South Korea";Chongju
"South Korea";Kunsan
"South Korea";Kwangju
"South Korea";Muan
"South Korea";Pohang
"South Korea";Sacheon
"South Korea";Seoul
"South Korea";"Sokcho / Gangneung"
"South Korea";Taegu
"South Korea";Ulsan
"South Korea";Wonju
"South Korea";Yeosu
"South Sudan";Juba
Spain;Alicante
Spain;Almeria
Spain;Aviles
Spain;Badajoz
Spain;Barcelona
Spain;Bilbao
Spain;Burgos
Spain;Fuerteventura
Spain;Gerona
Spain;"Gran Canaria"
Spain;Granada
Spain;Hierro
Spain;Ibiza
Spain;Jerez
Spain;"La Coruna"
Spain;"La Gomera"
Spain;"Las Palmas"
Spain;Leon
Spain;Lleida
Spain;Logroño-Agoncillo
Spain;Madrid
Spain;Malaga
Spain;Melilla
Spain;Menorca
Spain;Murcia
Spain;"Palma de Mallorca"
Spain;Pamplona
Spain;Reus
Spain;Salamanca
Spain;"San Sebastian"
Spain;"Santa Cruz De La Palma"
Spain;Santander
Spain;Santiago
Spain;Sevilla
Spain;Tenerife
Spain;Valencia
Spain;Valladolid
Spain;Vigo
Spain;Zaragoza
"Sri Lanka";Colombo
"Sri Lanka";Mattala
Sudan;"El Fasher"
Sudan;Geneina
Sudan;Khartoum
Sudan;Nyala
Sudan;"Port Sudan"
Suriname;Zandery
Swaziland;Manzini
Sweden;Ängelholm
Sweden;Arvidsjaur
Sweden;Gallivare
Sweden;Gothenborg
Sweden;Halmstad
Sweden;Hemavan
Sweden;Joenkoeping
Sweden;Kalkmar
Sweden;Karlstad
Sweden;Kiruna
Sweden;Linkoeping
Sweden;Lulea
Sweden;Lycksele
Sweden;Malmoe
Sweden;Norrkoeping
Sweden;Ornskoldsvik
Sweden;Östersund
Sweden;Pajala
Sweden;Ronneby
Sweden;Skelleftea
Sweden;Stockholm
Sweden;Sundsvall
Sweden;Sveg
Sweden;Umea
Sweden;Vasteras
Sweden;Vaxjo
Sweden;Vilhelmina
Sweden;Visby
Switzerland;Altenrhein
Switzerland;Basel
Switzerland;Bern
Switzerland;Geneva
Switzerland;Lugano
Switzerland;Zurich
Syria;Damascus
Taiwan;Fengnin
Taiwan;Hualien
Taiwan;Kaohsiung
Taiwan;Kinmen
Taiwan;Makung
Taiwan;Taichung
Taiwan;Tainan
Taiwan;Taipei
Tajikistan;Dushanbe
Tajikistan;Khudzhand
Tajikistan;Kulyab
Tanzania;Arusha
Tanzania;"Dar Es Salaam"
Tanzania;Kilimanjaro
Tanzania;Mtwara
Tanzania;Mwanza
Tanzania;Zanzibar
Thailand;Bangkok
Thailand;"Buri Ram"
Thailand;"Chiang Mai"
Thailand;"Chiang Rai"
Thailand;Chumphon
Thailand;"Hat Yai"
Thailand;"Khon Kaen"
Thailand;"Ko Samui"
Thailand;Krabi
Thailand;Lampang
Thailand;Loei
Thailand;"Mae Hong Son"
Thailand;"Nakhon Phanom"
Thailand;"Nakhon Si Thammarat"
Thailand;Nan
Thailand;Narathiwat
Thailand;Pattaya
Thailand;Phitsanulok
Thailand;Phrae
Thailand;Phuket
Thailand;"Prachuap Khiri Khan"
Thailand;Ranong
Thailand;"Roi Et"
Thailand;"Sakon Nakhon"
Thailand;Sukhothai
Thailand;"Surat Thani"
Thailand;Tak
Thailand;Trang
Thailand;Trat
Thailand;"Ubon Ratchathani"
Thailand;"Udon Thani"
Togo;Lome
Tonga;Tongatapu
"Trinidad and Tobago";Port-of-spain
"Trinidad and Tobago";Scarborough
Tunisia;Djerba
Tunisia;Enfidha
Tunisia;Monastir
Tunisia;Sfax
Tunisia;Tozeur
Tunisia;Tunis
Turkey;Adana
Turkey;Adiyaman
Turkey;Agri
Turkey;Alanya
Turkey;Ankara
Turkey;Antalya
Turkey;"Balikesir Korfez"
Turkey;Batman
Turkey;Bodrum
Turkey;Çorlu
Turkey;Dalaman
Turkey;Denizli
Turkey;Diyabakir
Turkey;Elazig
Turkey;Erzincan
Turkey;Erzurum
Turkey;Eskissehir
Turkey;Gaziantep
Turkey;Hatay
Turkey;Igdir
Turkey;Isparta
Turkey;Istanbul
Turkey;Izmir
Turkey;Kahramanmaras
Turkey;Kars
Turkey;Kayseri
Turkey;Konya
Turkey;Kutahya
Turkey;Malatya
Turkey;Mardin
Turkey;Merzifon
Turkey;Mus
Turkey;Nevsehir
Turkey;Sanliurfa
Turkey;Sinop
Turkey;Sivas
Turkey;Trabzon
Turkey;Van
Turkmenistan;Ashkhabad
"Turks and Caicos Islands";"Cockburn Town"
"Turks and Caicos Islands";Providenciales
"Turks and Caicos Islands";"Salt Cay"
"Turks and Caicos Islands";"South Caicos"
Tuvalu;Funafuti
Uganda;Arua
Uganda;Entebbe
Ukraine;Chernovtsk
Ukraine;Dnepropetrovsk
Ukraine;Donetsk
Ukraine;Ivano-Frankivsk
Ukraine;Kharkov
Ukraine;Kiev
Ukraine;"Krivoy Rog"
Ukraine;Lugansk
Ukraine;Lvov
Ukraine;Odessa
Ukraine;Sevastopol
Ukraine;Simferopol
Ukraine;Uzhgorod
Ukraine;Vinnitsa
Ukraine;Zaporozhye
"United Arab Emirates";"Abu Dhabi"
"United Arab Emirates";"Al Ain"
"United Arab Emirates";"Dalma Island"
"United Arab Emirates";Dubai
"United Arab Emirates";Fujeirah
"United Arab Emirates";Sharjah
"United Arab Emirates";"Sir Bani Yas Island"
"United Kingdom";Aberdeen
"United Kingdom";Barra
"United Kingdom";Belfast
"United Kingdom";Benbecula
"United Kingdom";Birmingham
"United Kingdom";Blackpool
"United Kingdom";Bournemouth
"United Kingdom";Bristol
"United Kingdom";Cambridge
"United Kingdom";Campbeltown
"United Kingdom";Cardiff
"United Kingdom";"Doncaster, Sheffield"
"United Kingdom";Dundee
"United Kingdom";"East Midlands"
"United Kingdom";Eday
"United Kingdom";Edinburgh
"United Kingdom";Exeter
"United Kingdom";Glasgow
"United Kingdom";Golouchestershire
"United Kingdom";Humberside
"United Kingdom";Inverness
"United Kingdom";Islay
"United Kingdom";Kirkwall
"United Kingdom";"Land's End"
"United Kingdom";Leeds
"United Kingdom";Liverpool
"United Kingdom";London
"United Kingdom";Londonderry
"United Kingdom";Manchester
"United Kingdom";Manston
"United Kingdom";Newcastle
"United Kingdom";Newquai
"United Kingdom";"North Ronaldsay"
"United Kingdom";Norwich
"United Kingdom";Oxford
"United Kingdom";"Papa Westray"
"United Kingdom";Prestwick
"United Kingdom";Sanday
"United Kingdom";Southampton
"United Kingdom";Southend
"United Kingdom";"ST MARY\'S"
"United Kingdom";Stornoway
"United Kingdom";Stronsay
"United Kingdom";Sumburgh
"United Kingdom";Teesside
"United Kingdom";Tiree
"United Kingdom";Westray
"United Kingdom";Wick
"United States";Aberdeen
"United States";Abilene
"United States";"Adak Island"
"United States";Akhiok
"United States";Akiak
"United States";Akron
"United States";Akutan
"United States";Alakanuk
"United States";Alamosa
"United States";Albany
"United States";Albuquerque
"United States";Alexandria
"United States";Allakaket
"United States";Allentown
"United States";Alliance
"United States";Alpena
"United States";Altoona
"United States";Amarillo
"United States";Ambler
"United States";"Amook Bay"
"United States";"Anaktuvuk Pass"
"United States";Anchorage
"United States";Angoon
"United States";Aniak
"United States";Anvik
"United States";Appleton
"United States";"Arcata CA"
"United States";"Arctic Village"
"United States";Asheville
"United States";Aspen
"United States";Athens
"United States";Atka
"United States";Atlanta
"United States";"Atlantic City"
"United States";Atqasuk
"United States";Augusta
"United States";Austin
"United States";"Austin TX"
"United States";Bakersfield
"United States";Baltimore
"United States";Bangor
"United States";"Bar Harbor"
"United States";Barnstable
"United States";Barrow
"United States";"Barter Island"
"United States";"Baton Rouge"
"United States";Beaumont
"United States";Beckley
"United States";Belleville
"United States";Bellingham
"United States";Bemidji
"United States";Bentonville
"United States";Bethel
"United States";Bettles
"United States";Billings
"United States";Binghamton
"United States";Birmingham
"United States";Bismarck
"United States";Bloomington
"United States";Boise
"United States";Boston
"United States";"Boulder City"
"United States";Bozeman
"United States";Bradford
"United States";Brainerd
"United States";Branson
"United States";"Brevig Mission"
"United States";BRISTOL
"United States";Brownsville
"United States";Brunswick
"United States";Buckland
"United States";Buffalo
"United States";Burbank
"United States";Burlington
"United States";"Bush Field"
"United States";Butte
"United States";"Cape Girardeau"
"United States";Carlsbad
"United States";Casper
"United States";"Cedar City"
"United States";"Cedar Rapids"
"United States";Chadron
"United States";Champaign
"United States";Charleston
"United States";Charlotte
"United States";"Charlottesville VA"
"United States";Chattanooga
"United States";Chefornak
"United States";Chevak
"United States";Cheyenne
"United States";Chicago
"United States";Chico
"United States";"Chignik Lake"
"United States";Chuathbaluk
"United States";Cincinnati
"United States";Clarksburg
"United States";Cleveland
"United States";Clovis
"United States";Cody
"United States";"Cold Bay"
"United States";"College Station"
"United States";"Colorado Springs"
"United States";Columbia
"United States";Columbus
"United States";"Columbus Mississippi"
"United States";Cordova
"United States";"Corpus Christi"
"United States";Cortez
"United States";Craig
"United States";"Crescent City"
"United States";"Crooked Creek"
"United States";Dallas
"United States";"Dallas-Fort Worth"
"United States";Dayton
"United States";"Daytona Beach"
"United States";Deadhorse
"United States";Decatur
"United States";Deering
"United States";Denver
"United States";"Des Moines"
"United States";Detroit
"United States";"Devils Lake"
"United States";Dickinson
"United States";Dillingham
"United States";"Dodge City"
"United States";Dothan
"United States";"Du Bois"
"United States";"Dubuque IA"
"United States";Duluth
"United States";Durango
"United States";Eastsound
"United States";"Eau Claire"
"United States";Eek
"United States";Egegik
"United States";"El Dorado"
"United States";"El Paso"
"United States";"Elfin Cove"
"United States";Elim
"United States";Elko
"United States";Elmira
"United States";Emmonak
"United States";Erie
"United States";Escanaba
"United States";Eugene
"United States";Evansville
"United States";"Excursion Inlet"
"United States";Fairbanks
"United States";Fargo
"United States";Farmington
"United States";Fayetteville
"United States";Flagstaff
"United States";Flint
"United States";Florence
"United States";"Fort Dodge"
"United States";"Fort Lauderdale"
"United States";"Fort Leonardwood"
"United States";"Fort Myers"
"United States";"Fort Smith"
"United States";"Fort Wayne"
"United States";"Fort Yukon"
"United States";Franklin
"United States";Fresno
"United States";"Friday Harbor"
"United States";Gainesville
"United States";Galena
"United States";Gambell
"United States";"Garden City"
"United States";Gary
"United States";Gillette
"United States";Glasgow
"United States";Glendive
"United States";Golovin
"United States";"Goodnews Bay"
"United States";"Grand Canyon"
"United States";"Grand Canyon West"
"United States";"Grand Forks"
"United States";"Grand Island"
"United States";"Grand Junction"
"United States";"Grand Rapids"
"United States";"Grand Rapids MN"
"United States";Grayling
"United States";"Great Falls"
"United States";"Green Bay"
"United States";Greensboro
"United States";Greenville
"United States";Gulfport
"United States";Gunnison
"United States";Gustavus
"United States";Hagerstown
"United States";Hailey
"United States";Haines
"United States";Hana
"United States";Hancock
"United States";Harlingen
"United States";Harrisburg
"United States";Harrison
"United States";Havre
"United States";Hayden
"United States";Hays
"United States";Healy
"United States";Helena
"United States";Hibbing
"United States";Hilo
"United States";"Hilton Head"
"United States";Hobbs
"United States";Hollis
"United States";"Holy Cross"
"United States";Homer
"United States";Honolulu
"United States";Hoonah
"United States";"Hooper Bay"
"United States";"Hot Springs"
"United States";Houston
"United States";Hughes
"United States";Huntington
"United States";Huntsville
"United States";Huron
"United States";Huslia
"United States";"Idaho Falls"
"United States";Igiugig
"United States";Iliamna
"United States";Imperial
"United States";Indianapolis
"United States";"International Falls"
"United States";Inyokern
"United States";"Iron Mountain"
"United States";Ironwood
"United States";Islip
"United States";Ithaca
"United States";"Jacksn Hole"
"United States";Jackson
"United States";Jacksonville
"United States";"Jacksonville NC"
"United States";Jamestown
"United States";Johnstown
"United States";Jonesboro
"United States";Joplin
"United States";Juneau
"United States";Kahului
"United States";Kake
"United States";Kalamazoo
"United States";Kalispell
"United States";Kalskag
"United States";Kaltag
"United States";Kamuela
"United States";"Kansas City"
"United States";Kasigluk
"United States";Kearney
"United States";Kenai
"United States";Kenmore
"United States";Ketchikan
"United States";"Key West"
"United States";Kiana
"United States";Killeen
"United States";"King Salmon"
"United States";Kingman
"United States";Kipnuk
"United States";Kirksville
"United States";Kivalina
"United States";"Klamath Falls"
"United States";Klawock
"United States";Knoxville
"United States";Kobuk
"United States";Kodiak
"United States";Kona
"United States";Kongiganak
"United States";Kotlik
"United States";Kotzebue
"United States";Koyuk
"United States";Koyukuk
"United States";Kwethluk
"United States";Kwigillingok
"United States";"La Crosse"
"United States";Lafayette
"United States";Lahania-kapalua
"United States";"Lake Charles"
"United States";Lanai
"United States";Lancaster
"United States";Lansing
"United States";Laramie
"United States";Laredo
"United States";"Larsen Bay"
"United States";"Las Vegas"
"United States";Latrobe
"United States";Lawton
"United States";Lebanon
"United States";Levelock
"United States";Lewisburg
"United States";Lewiston
"United States";Lewistown
"United States";"Lexington KY"
"United States";Liberal
"United States";Lihue
"United States";Lincoln
"United States";"Little Rock"
"United States";"Long Beach"
"United States";Longview
"United States";"Los Alamos"
"United States";"Los Angeles"
"United States";Louisville
"United States";Lubbock
"United States";Lynchburg
"United States";Madison
"United States";"Mammoth Lakes"
"United States";"Manchester NH"
"United States";Manhattan
"United States";Marion
"United States";Marquette
"United States";Marshall
"United States";"Mason City"
"United States";Massena
"United States";Mcallen
"United States";McCook
"United States";Mcgrath
"United States";Medford
"United States";Mekoryuk
"United States";Melbourne
"United States";Memphis
"United States";Merced
"United States";Mesa
"United States";Metakatla
"United States";Miami
"United States";Midland
"United States";"Miles City"
"United States";Milwaukee
"United States";Minneapolis
"United States";Minot
"United States";Missoula
"United States";Moab
"United States";Mobile
"United States";Modesto
"United States";Moline
"United States";Molokai
"United States";Monroe
"United States";Monterey
"United States";MONTGOMERY
"United States";"Montrose CO"
"United States";Morgantown
"United States";"Mountain Village"
"United States";Muskegon
"United States";"Myrtle Beach"
"United States";Nantucket
"United States";Naples
"United States";Nashville
"United States";"Nelson Lagoon"
"United States";"New Bedford"
"United States";"New Bern"
"United States";"New Haven"
"United States";"New Orleans"
"United States";"New York"
"United States";Newark
"United States";Newburgh
"United States";"Newport News"
"United States";Newtok
"United States";"Niagara Falls"
"United States";Nightmute
"United States";Nikolski
"United States";Noatak
"United States";Nome
"United States";Noorvik
"United States";Norfolk
"United States";"North Bend"
"United States";"North Platte"
"United States";Nuiqsut
"United States";Nulato
"United States";"Nunam Iqua"
"United States";Nunapitchuk
"United States";Oakland
"United States";Ogdensburg
"United States";"Oklahoma City"
"United States";"Old Harbor"
"United States";Omaha
"United States";Ontario
"United States";Orlando
"United States";Ouzinkie
"United States";Owensboro
"United States";PADUCAH
"United States";Page
"United States";"Palm Springs"
"United States";"Panama City"
"United States";PARKERSBURG
"United States";Pasco
"United States";Pelican
"United States";Pellston
"United States";Pendleton
"United States";Pensacola
"United States";Peoria
"United States";Perryville
"United States";Petersburg
"United States";Philadelphia
"United States";Phoenix
"United States";Pierre
"United States";"Pilot Station"
"United States";Pittsburgh
"United States";Plattsburgh
"United States";Pocatello
"United States";"Point Hope"
"United States";"Point Lay"
"United States";"Port Angeles"
"United States";"Port Heiden"
"United States";"Port Lions"
"United States";"Port Moller"
"United States";Portland
"United States";Prescott
"United States";"Presque Isle"
"United States";Providence
"United States";Provincetown
"United States";Provo
"United States";Pueblo
"United States";Pullman
"United States";"Punta Gorda"
"United States";Quincy
"United States";Quinhagak
"United States";Raleigh-durham
"United States";"Rapid City"
"United States";"Red Devil"
"United States";Redding
"United States";Redmond-Bend
"United States";Reno
"United States";Rhinelander
"United States";Richmond
"United States";"Riverton WY"
"United States";"Roanoke VA"
"United States";"Roche Harbor"
"United States";Rochester
"United States";"Rock Springs"
"United States";Rockford
"United States";Rockland
"United States";Rosario
"United States";Roswell
"United States";Ruby
"United States";"Russian Mission"
"United States";Rutland
"United States";Sacramento
"United States";Saginaw
"United States";"Saint Cloud"
"United States";"Saint George"
"United States";Salina
"United States";Salisbury
"United States";"Salt Lake City"
"United States";"San Angelo"
"United States";"San Antonio"
"United States";"San Diego"
"United States";"San Francisco"
"United States";"San Jose"
"United States";"San Luis"
"United States";"San Luis Obispo"
"United States";"Sand Point"
"United States";Sanford
"United States";"Santa Ana"
"United States";"Santa Barbara"
"United States";"Santa Fe"
"United States";"Santa Maria"
"United States";"Santa Rosa"
"United States";"Saranac Lake"
"United States";Sarasota
"United States";"Sault Ste Marie"
"United States";Savannah
"United States";Savoonga
"United States";"Scammon Bay"
"United States";Scottsbluff
"United States";Scranton
"United States";Seattle
"United States";Selawik
"United States";Shageluk
"United States";Shaktoolik
"United States";Sheridan
"United States";Shishmaref
"United States";"Show Low"
"United States";Shreveport
"United States";Shungnak
"United States";Sidney
"United States";"Silver City"
"United States";"Sioux City"
"United States";"Sioux Falls"
"United States";Sitka
"United States";Skagway
"United States";Sleetmute
"United States";"South Bend"
"United States";"South Naknek"
"United States";Spokane
"United States";Springfield
"United States";"St Mary's"
"United States";"St. George"
"United States";"St. Louis"
"United States";"St. Michael"
"United States";"St. Paul Island"
"United States";"St. Petersburg"
"United States";"State College Pennsylvania"
"United States";Stebbins
"United States";Stockton
"United States";"Stony River"
"United States";Syracuse
"United States";Tallahassee
"United States";Tampa
"United States";Tanana
"United States";Teller
"United States";Telluride
"United States";"Tenakee Springs"
"United States";Texarkana
"United States";"Thief River Falls"
"United States";"Thorne Bay"
"United States";"Tin City"
"United States";"Toksook Bay"
"United States";Toledo
"United States";"Traverse City"
"United States";Trenton
"United States";Tucson
"United States";Tulsa
"United States";Tuluksak
"United States";Tuntutuliak
"United States";Tununak
"United States";"Twin Falls"
"United States";Tyler
"United States";Unalakleet
"United States";Unalaska
"United States";Vail
"United States";Valdez
"United States";Valdosta
"United States";Valparaiso
"United States";Venetie
"United States";Vernal
"United States";Victoria
"United States";"Vineyard Haven MA"
"United States";Visalia
"United States";Waco
"United States";Wainwright
"United States";Wales
"United States";"Walla Walla"
"United States";Washington
"United States";Wassau
"United States";Waterloo
"United States";Watertown
"United States";Wenatchee
"United States";"West Palm Beach"
"United States";"West Yellowstone"
"United States";"Weyers Cave"
"United States";"White Mountain"
"United States";"White Plains"
"United States";Wichita
"United States";"Wichita Falls"
"United States";Williamsport
"United States";Williston
"United States";Wilmington
"United States";"Windsor Locks"
"United States";"Wolf Point"
"United States";Worland
"United States";Wrangell
"United States";Yakima
"United States";Yakutat
"United States";Youngstown
"United States";Yuma
Uruguay;Montevideo
Uruguay;"Punta del Este"
Uzbekistan;Andizhan
Uzbekistan;Bukhara
Uzbekistan;Fergana
Uzbekistan;Khanabad
Uzbekistan;Namangan
Uzbekistan;Navoi
Uzbekistan;Nukus
Uzbekistan;Samarkand
Uzbekistan;Tashkent
Uzbekistan;Termez
Uzbekistan;Urgench
Uzbekistan;Zarafshan
Vanuatu;Ablow
Vanuatu;"Ambryn Island"
Vanuatu;Anelghowhat
Vanuatu;Aniwa
Vanuatu;"Craig Cove"
Vanuatu;"Dillon's Bay"
Vanuatu;"Futuna Island"
Vanuatu;"Gaua Island"
Vanuatu;Ipota
Vanuatu;Lamap
Vanuatu;"Lamen Bay"
Vanuatu;Loh/Linua
Vanuatu;Longana
Vanuatu;Lonorore
Vanuatu;"Malekula Island"
Vanuatu;Norsup
Vanuatu;"Paama Island"
Vanuatu;"Pentecost Island"
Vanuatu;Port-vila
Vanuatu;Sangafa
Vanuatu;Santo
Vanuatu;Sola
Vanuatu;Tanna
Vanuatu;"Tongoa Island"
Vanuatu;Valesdir
Vanuatu;Walaha
Venezuela;Barcelona
Venezuela;Barinas
Venezuela;Barquisimeto
Venezuela;Canaima
Venezuela;Caracas
Venezuela;Coro
Venezuela;"El Vigía"
Venezuela;Guayana
Venezuela;Maracaibo
Venezuela;Maturin
Venezuela;Paraguana
Venezuela;Porlamar
Venezuela;"Puerto Ayacucho"
Venezuela;"San Tome"
Venezuela;"Santo Domingo"
Venezuela;Valencia
Venezuela;Valera
Vietnam;Buonmethuot
Vietnam;"Ca Mau"
Vietnam;"Can Tho"
Vietnam;"Chu Lai"
Vietnam;Conson
Vietnam;Dalat
Vietnam;Danang
Vietnam;Dienbienphu
Vietnam;"Dong Hoi"
Vietnam;Haiphong
Vietnam;Hanoi
Vietnam;"Ho Chi Minh City"
Vietnam;"Nha Trang"
Vietnam;"Phu Quoc"
Vietnam;Phucat
Vietnam;Pleiku
Vietnam;"Rach Gia"
Vietnam;"Tuy Hoa"
Vietnam;Vinh
"Virgin Islands";Christiansted
"Virgin Islands";"St. Croix Island"
"Virgin Islands";"St. Thomas"
"Wallis and Futuna";"Futuna Island"
"Wallis and Futuna";Wallis
"Western Sahara";Dakhla
"Western Sahara";"El Aaiún"
Yemen;Aden
Yemen;"Al Ghaidah Intl"
Yemen;Ataq
Yemen;Hodeidah
Yemen;Mukalla
Yemen;Sanaa
Yemen;"Sayun Intl"
Yemen;Socotra
Yemen;Taiz
Zambia;Chipata
Zambia;Livingstone
Zambia;Lusaka
Zambia;Mfuwe
Zambia;Ndola
Zambia;Solwesi
Zimbabwe;Bulawayo
Zimbabwe;Harare
Zimbabwe;"Victoria Falls"
